matchId,season,date,round,phase,home,away,venue,vbucket,predMargin,absPred,closeBand,weTipped,actualMargin,absActual,draw,miss,class,fieldN,fieldShareCorrect,fieldHomeShare,fieldFav,weAgainstField,ourProbWinner,fieldProbWinner,restHome,restAway,restDiff,postByeHome,postByeAway,weather,wet,gameid
1406,2023,2023-03-17,Round 1,early,Geelong,Collingwood,MCG,shared_derby,16.49,16.49,12-24,home,-22,22,False,True,consensus,26,0.0,1.0,home,False,0.287,0.296,,,,False,False,MOSTLY_SUNNY,False,34261
1408,2023,2023-03-18,Round 1,early,Port Adelaide,Brisbane Lions,Adelaide Oval,true_home_interstate,-3.5,3.5,<6,away,54,54,False,True,tipper_specific,26,0.885,0.885,home,True,0.447,0.579,,,,False,False,MOSTLY_SUNNY,False,34263
1412,2023,2023-03-19,Round 1,early,Hawthorn,Essendon,MCG,shared_derby,5.62,5.62,<6,home,-59,59,False,True,grey,26,0.385,0.615,home,False,0.418,0.491,,,,False,False,RAIN,True,34267
1413,2023,2023-03-19,Round 1,early,St Kilda,Fremantle,Marvel Stadium,shared_interstate,-6.98,6.98,6-12,away,15,15,False,True,grey,26,0.462,0.423,away,False,0.399,0.466,,,,False,False,RAIN,True,34268
1414,2023,2023-03-23,Round 2,early,Carlton,Geelong,MCG,shared_derby,-10.75,10.75,6-12,away,8,8,False,True,consensus,26,0.0,0.0,away,False,0.352,0.352,7,6,1,False,False,RAIN,True,34269
1418,2023,2023-03-25,Round 2,early,Western Bulldogs,St Kilda,Marvel Stadium,shared_derby,5.38,5.38,<6,home,-51,51,False,True,consensus,26,0.154,0.846,home,False,0.421,0.434,7,6,1,False,False,MOSTLY_SUNNY,False,34273
1419,2023,2023-03-25,Round 2,early,Fremantle,North Melbourne,Perth Stadium,true_home_interstate,37.08,37.08,24+,home,-1,1,False,True,consensus,26,0.0,1.0,home,False,0.123,0.145,6,7,-1,False,False,MOSTLY_SUNNY,False,34274
1422,2023,2023-03-26,Round 2,early,West Coast,GWS Giants,Perth Stadium,true_home_interstate,-6.94,6.94,6-12,away,19,19,False,True,consensus,26,0.077,0.077,away,False,0.4,0.421,8,7,1,False,False,MOSTLY_SUNNY,False,34277
1423,2023,2023-03-30,Round 3,early,Western Bulldogs,Brisbane Lions,Marvel Stadium,shared_interstate,-4.55,4.55,<6,away,14,14,False,True,tipper_specific,26,0.654,0.615,home,True,0.432,0.52,5,6,-1,False,False,RAIN,True,34278
1428,2023,2023-04-01,Round 3,early,Port Adelaide,Adelaide,Adelaide Oval,true_home_same_state,21.54,21.54,12-24,home,-31,31,False,True,consensus,26,0.0,1.0,home,False,0.238,0.273,7,7,0,False,False,MOSTLY_SUNNY,False,34283
1429,2023,2023-04-02,Round 3,early,Gold Coast,Geelong,Carrara,true_home_interstate,-17.23,17.23,12-24,away,19,19,False,True,consensus,26,0.0,0.0,away,False,0.28,0.311,7,10,-3,False,False,MOSTLY_SUNNY,False,34284
1430,2023,2023-04-02,Round 3,early,Melbourne,Sydney,MCG,shared_interstate,-7.09,7.09,6-12,away,50,50,False,True,tipper_specific,26,0.769,0.769,home,True,0.398,0.53,9,7,2,False,False,MOSTLY_SUNNY,False,34285
1432,2023,2023-04-06,Round 4,early,Brisbane Lions,Collingwood,Gabba,true_home_interstate,-3.54,3.54,<6,away,33,33,False,True,grey,26,0.423,0.385,away,False,0.447,0.478,7,6,1,False,False,MOSTLY_SUNNY,False,34287
1434,2023,2023-04-08,Round 4,early,Adelaide,Fremantle,Adelaide Oval,true_home_interstate,-3.45,3.45,<6,away,39,39,False,True,grey,26,0.577,0.577,home,True,0.448,0.529,7,6,1,False,False,MOSTLY_SUNNY,False,34289
1435,2023,2023-04-08,Round 4,early,Richmond,Western Bulldogs,MCG,shared_derby,9.28,9.28,6-12,home,-5,5,False,True,consensus,26,0.077,0.923,home,False,0.37,0.394,8,9,-1,False,False,RAIN,True,34290
1436,2023,2023-04-08,Round 4,early,Sydney,Port Adelaide,SCG,true_home_interstate,24.34,24.34,24+,home,-2,2,False,True,consensus,26,0.0,1.0,home,False,0.213,0.294,6,7,-1,False,False,WINDY,False,34292
1441,2023,2023-04-13,Round 5,early,Adelaide,Carlton,Adelaide Oval,true_home_interstate,-1.25,1.25,<6,away,56,56,False,True,grey,26,0.423,0.423,away,False,0.481,0.487,5,6,-1,False,False,MOSTLY_SUNNY,False,34296
1445,2023,2023-04-15,Round 5,early,Essendon,Melbourne,Adelaide Oval,neutral,-7.89,7.89,6-12,away,27,27,False,True,consensus,26,0.0,0.0,away,False,0.387,0.306,6,6,0,False,False,MOSTLY_SUNNY,False,34300
1450,2023,2023-04-21,Round 6,early,Fremantle,Western Bulldogs,Perth Stadium,true_home_interstate,8.0,8.0,6-12,home,-49,49,False,True,consensus,26,0.077,0.885,home,False,0.386,0.443,7,6,1,False,False,MOSTLY_SUNNY,False,34305
1459,2023,2023-04-28,Round 7,early,St Kilda,Port Adelaide,Marvel Stadium,shared_interstate,14.22,14.22,12-24,home,-7,7,False,True,consensus,26,0.038,0.962,home,False,0.312,0.375,5,6,-1,False,False,RAIN,True,34314
1461,2023,2023-04-29,Round 7,early,Sydney,GWS Giants,SCG,true_home_same_state,32.03,32.03,24+,home,-1,1,False,True,consensus,26,0.038,0.962,home,False,0.155,0.253,7,7,0,False,False,RAIN,True,34316
1466,2023,2023-04-30,Round 7,early,Richmond,Gold Coast,Marvel Stadium,shared_interstate,10.56,10.56,6-12,home,-24,24,False,True,consensus,26,0.0,1.0,home,False,0.354,0.297,6,7,-1,False,False,SUNNY,False,34321
1477,2023,2023-05-12,Round 9,mid,Richmond,Geelong,MCG,shared_derby,-3.6,3.6,<6,away,24,24,False,True,consensus,26,0.038,0.038,away,False,0.446,0.346,6,6,0,False,False,MOSTLY_SUNNY,False,34332
1479,2023,2023-05-13,Round 9,mid,Sydney,Fremantle,SCG,true_home_interstate,15.18,15.18,12-24,home,-17,17,False,True,consensus,26,0.0,1.0,home,False,0.301,0.28,6,7,-1,False,False,RAIN,True,34334
1484,2023,2023-05-14,Round 9,mid,Adelaide,St Kilda,Adelaide Oval,true_home_interstate,-0.45,0.45,<6,away,52,52,False,True,tipper_specific,26,0.769,0.769,home,True,0.493,0.546,8,7,1,False,False,MOSTLY_SUNNY,False,34339
1486,2023,2023-05-19,Round 10,mid,Port Adelaide,Melbourne,Adelaide Oval,true_home_interstate,-4.23,4.23,<6,away,4,4,False,True,consensus,26,0.308,0.308,away,False,0.437,0.479,6,6,0,False,False,MOSTLY_SUNNY,False,34341
1491,2023,2023-05-20,Round 10,mid,Essendon,Richmond,MCG,shared_derby,-6.24,6.24,6-12,away,1,1,False,True,consensus,26,0.115,0.115,away,False,0.409,0.422,7,8,-1,False,False,RAIN,True,34346
1496,2023,2023-05-27,Round 11,mid,St Kilda,Hawthorn,Marvel Stadium,shared_derby,27.55,27.55,24+,home,-10,10,False,True,consensus,26,0.0,1.0,home,False,0.187,0.256,6,6,0,False,False,MOSTLY_SUNNY,False,34351
1497,2023,2023-05-27,Round 11,mid,Melbourne,Fremantle,MCG,shared_interstate,11.77,11.77,6-12,home,-7,7,False,True,consensus,26,0.0,1.0,home,False,0.34,0.254,8,7,1,False,False,MOSTLY_SUNNY,False,34352
1498,2023,2023-05-27,Round 11,mid,Geelong,GWS Giants,Kardinia Park,true_home_interstate,34.07,34.07,24+,home,-7,7,False,True,consensus,26,0.0,1.0,home,False,0.141,0.132,7,6,1,False,False,MOSTLY_SUNNY,False,34353
1499,2023,2023-05-27,Round 11,mid,Gold Coast,Western Bulldogs,TIO Stadium,true_home_interstate,-9.93,9.93,6-12,away,7,7,False,True,consensus,26,0.0,0.0,away,False,0.362,0.379,7,7,0,False,False,MOSTLY_SUNNY,False,34354
1501,2023,2023-05-28,Round 11,mid,Richmond,Port Adelaide,MCG,shared_interstate,4.92,4.92,<6,home,-10,10,False,True,consensus,26,0.115,0.885,home,False,0.427,0.45,8,9,-1,False,False,RAIN,True,34356
1503,2023,2023-05-28,Round 11,mid,Adelaide,Brisbane Lions,Adelaide Oval,true_home_interstate,-10.83,10.83,6-12,away,17,17,False,True,consensus,26,0.038,0.038,away,False,0.351,0.408,8,8,0,False,False,MOSTLY_SUNNY,False,34358
1507,2023,2023-06-03,Round 12,mid,Western Bulldogs,Geelong,Marvel Stadium,shared_derby,13.58,13.58,12-24,home,-22,22,False,True,consensus,26,0.346,0.654,home,False,0.319,0.485,7,7,0,False,False,RAIN,True,34362
1508,2023,2023-06-03,Round 12,mid,Gold Coast,Adelaide,TIO Stadium,true_home_interstate,-3.05,3.05,<6,away,25,25,False,True,consensus,26,0.192,0.192,away,False,0.454,0.469,7,6,1,False,False,MOSTLY_SUNNY,False,34363
1511,2023,2023-06-08,Round 13,mid,Sydney,St Kilda,SCG,true_home_interstate,3.03,3.03,<6,home,-14,14,False,True,consensus,26,0.0,1.0,home,False,0.454,0.379,13,12,1,True,True,RAIN,True,34366
1512,2023,2023-06-09,Round 13,mid,Western Bulldogs,Port Adelaide,Marvel Stadium,shared_interstate,2.08,2.08,<6,home,-22,22,False,True,consensus,26,0.346,0.654,home,False,0.468,0.482,6,6,0,False,False,RAIN,True,34367
1513,2023,2023-06-10,Round 13,mid,Hawthorn,Brisbane Lions,MCG,shared_interstate,-19.63,19.63,12-24,away,25,25,False,True,consensus,26,0.0,0.0,away,False,0.256,0.289,7,13,-6,False,True,MOSTLY_SUNNY,False,34368
1515,2023,2023-06-10,Round 13,mid,Fremantle,Richmond,Perth Stadium,true_home_interstate,3.96,3.96,<6,home,-15,15,False,True,consensus,26,0.269,0.692,home,False,0.441,0.443,14,6,8,True,False,MOSTLY_SUNNY,False,34370
1517,2023,2023-06-11,Round 13,mid,Carlton,Essendon,MCG,shared_derby,2.22,2.22,<6,home,-34,34,False,True,consensus,26,0.308,0.654,home,False,0.466,0.485,9,7,2,False,False,MOSTLY_SUNNY,False,34372
1518,2023,2023-06-12,Round 13,mid,Melbourne,Collingwood,MCG,shared_derby,-1.02,1.02,<6,away,4,4,False,True,grey,26,0.577,0.538,home,True,0.484,0.506,10,9,1,False,False,MOSTLY_SUNNY,False,34373
1521,2023,2023-06-17,Round 14,mid,GWS Giants,Fremantle,Sydney Showground,true_home_interstate,-6.67,6.67,6-12,away,70,70,False,True,grey,26,0.5,0.5,home,True,0.404,0.521,6,7,-1,False,False,SUNNY,False,34376
1523,2023,2023-06-18,Round 14,mid,Carlton,Gold Coast,MCG,shared_interstate,-3.73,3.73,<6,away,59,59,False,True,tipper_specific,26,0.885,0.885,home,True,0.444,0.565,7,15,-8,False,True,RAIN,True,34378
1526,2023,2023-06-23,Round 15,mid,St Kilda,Brisbane Lions,Marvel Stadium,shared_interstate,1.63,1.63,<6,home,-28,28,False,True,tipper_specific,26,0.808,0.192,away,True,0.475,0.54,6,7,-1,False,False,RAIN,True,34381
1538,2023,2023-07-02,Round 16,mid,Melbourne,GWS Giants,Traeger Park,true_home_interstate,21.54,21.54,12-24,home,-2,2,False,True,consensus,26,0.0,1.0,home,False,0.238,0.284,10,15,-5,False,True,MOSTLY_SUNNY,False,34393
1548,2023,2023-07-09,Round 17,late,Fremantle,Carlton,Perth Stadium,true_home_interstate,7.68,7.68,6-12,home,-53,53,False,True,consensus,26,0.346,0.654,home,False,0.39,0.474,8,7,1,False,False,MOSTLY_SUNNY,False,34403
1550,2023,2023-07-14,Round 18,late,Melbourne,Brisbane Lions,MCG,shared_interstate,-0.88,0.88,<6,away,1,1,False,True,tipper_specific,26,0.731,0.731,home,True,0.486,0.532,6,6,0,False,False,WINDY,False,34408
1553,2023,2023-07-15,Round 18,late,Carlton,Port Adelaide,Marvel Stadium,shared_interstate,-6.85,6.85,6-12,away,50,50,False,True,grey,26,0.385,0.385,away,False,0.401,0.478,6,7,-1,False,False,RAIN,True,34404
1555,2023,2023-07-15,Round 18,late,Adelaide,GWS Giants,Adelaide Oval,true_home_interstate,16.2,16.2,12-24,home,-14,14,False,True,consensus,26,0.0,1.0,home,False,0.29,0.305,6,7,-1,False,False,MOSTLY_SUNNY,False,34411
1567,2023,2023-07-28,Round 20,late,Collingwood,Carlton,MCG,shared_derby,30.28,30.28,24+,home,-17,17,False,True,consensus,26,0.038,0.962,home,False,0.167,0.362,6,6,0,False,False,RAIN,True,34422
1568,2023,2023-07-29,Round 20,late,Western Bulldogs,GWS Giants,Mars Stadium,true_home_interstate,14.1,14.1,12-24,home,-5,5,False,True,consensus,26,0.038,0.962,home,False,0.313,0.366,8,6,2,False,False,RAIN,True,34428
1569,2023,2023-07-29,Round 20,late,Geelong,Fremantle,Kardinia Park,true_home_interstate,31.7,31.7,24+,home,-7,7,False,True,consensus,26,0.0,1.0,home,False,0.157,0.149,7,7,0,False,False,MOSTLY_SUNNY,False,34424
1570,2023,2023-07-29,Round 20,late,Gold Coast,Brisbane Lions,Carrara,true_home_same_state,-8.26,8.26,6-12,away,41,41,False,True,consensus,26,0.0,0.0,away,False,0.383,0.306,6,7,-1,False,False,SUNNY,False,34425
1572,2023,2023-07-29,Round 20,late,Adelaide,Port Adelaide,Adelaide Oval,true_home_same_state,-9.46,9.46,6-12,away,47,47,False,True,consensus,26,0.0,0.0,away,False,0.368,0.394,6,7,-1,False,False,MOSTLY_SUNNY,False,34429
1574,2023,2023-07-30,Round 20,late,Richmond,Melbourne,MCG,shared_derby,3.24,3.24,<6,home,-32,32,False,True,tipper_specific,26,0.808,0.192,away,True,0.451,0.581,8,7,1,False,False,RAIN,True,34427
1579,2023,2023-08-05,Round 21,late,Hawthorn,Collingwood,MCG,shared_derby,-28.31,28.31,24+,away,32,32,False,True,consensus,26,0.0,0.0,away,False,0.181,0.2,6,8,-2,False,False,OVERCAST,False,34434
1581,2023,2023-08-05,Round 21,late,GWS Giants,Sydney,Sydney Showground,true_home_same_state,1.94,1.94,<6,home,-11,11,False,True,grey,26,0.385,0.615,home,False,0.47,0.482,7,7,0,False,False,RAIN,True,34433
1583,2023,2023-08-06,Round 21,late,St Kilda,Carlton,Marvel Stadium,shared_derby,5.6,5.6,<6,home,-19,19,False,True,tipper_specific,26,1.0,0.0,away,True,0.418,0.615,7,9,-2,False,False,OVERCAST,False,34436
1589,2023,2023-08-12,Round 22,late,Carlton,Melbourne,MCG,shared_derby,-6.57,6.57,6-12,away,4,4,False,True,consensus,26,0.308,0.308,away,False,0.405,0.449,6,6,0,False,False,RAIN,True,34440
1591,2023,2023-08-13,Round 22,late,Hawthorn,Western Bulldogs,UTAS Stadium,true_home_same_state,-10.34,10.34,6-12,away,3,3,False,True,consensus,26,0.0,0.0,away,False,0.357,0.34,8,9,-1,False,False,MOSTLY_SUNNY,False,34443
1594,2023,2023-08-18,Round 23,late,Collingwood,Brisbane Lions,Marvel Stadium,shared_interstate,2.94,2.94,<6,home,-24,24,False,True,consensus,26,0.269,0.731,home,False,0.455,0.445,7,6,1,False,False,RAIN,True,34449
1600,2023,2023-08-20,Round 23,late,Western Bulldogs,West Coast,Marvel Stadium,shared_interstate,45.94,45.94,24+,home,-7,7,False,True,consensus,26,0.0,1.0,home,False,0.08,0.058,7,8,-1,False,False,OVERCAST,False,34455
1604,2023,2023-08-26,Round 24,late,Hawthorn,Fremantle,MCG,shared_interstate,4.18,4.18,<6,home,-37,37,False,True,consensus,26,0.192,0.808,home,False,0.438,0.428,6,6,0,False,False,OVERCAST,False,34462
1605,2023,2023-08-26,Round 24,late,North Melbourne,Gold Coast,Ninja Stadium,true_home_interstate,-25.43,25.43,24+,away,35,35,False,True,consensus,26,0.0,0.0,away,False,0.204,0.24,7,7,0,False,False,OVERCAST,False,34463
1607,2023,2023-08-26,Round 24,late,Geelong,Western Bulldogs,Kardinia Park,true_home_same_state,0.35,0.35,<6,home,-25,25,False,True,consensus,26,0.269,0.731,home,False,0.495,0.45,7,6,1,False,False,OVERCAST,False,34461
1610,2023,2023-08-27,Round 24,late,Sydney,Melbourne,SCG,true_home_interstate,1.16,1.16,<6,home,-21,21,False,True,consensus,26,0.269,0.731,home,False,0.482,0.466,8,7,1,False,False,MOSTLY_SUNNY,False,34464
1611,2023,2023-08-27,Round 24,late,Carlton,GWS Giants,Marvel Stadium,shared_interstate,9.76,9.76,6-12,home,-32,32,False,True,consensus,26,0.038,0.962,home,False,0.364,0.377,8,8,0,False,False,OVERCAST,False,34459
1614,2023,2023-09-09,Finals Week 1,finals,St Kilda,GWS Giants,MCG,shared_interstate,5.35,5.35,<6,home,-24,24,False,True,tipper_specific,26,0.731,0.231,away,True,0.421,0.524,14,13,1,True,True,RAIN,True,34675
1616,2023,2023-09-15,Semi Finals,finals,Melbourne,Carlton,MCG,shared_derby,11.82,11.82,6-12,home,-2,2,False,True,consensus,26,0.038,0.923,home,False,0.339,0.42,8,7,1,False,False,WINDY,False,34678
1617,2023,2023-09-16,Semi Finals,finals,Port Adelaide,GWS Giants,Adelaide Oval,true_home_interstate,7.1,7.1,6-12,home,-23,23,False,True,consensus,26,0.154,0.846,home,False,0.398,0.426,7,7,0,False,False,MOSTLY_SUNNY,False,34679
1622,2024,2024-03-08,Opening Round,early,Brisbane Lions,Carlton,Gabba,true_home_interstate,17.8,17.8,12-24,home,-1,1,False,True,consensus,23,0.0,1.0,home,False,0.274,0.336,,,,False,False,RAIN,True,35701
1624,2024,2024-03-09,Opening Round,early,GWS Giants,Collingwood,Sydney Showground,true_home_interstate,-0.65,0.65,<6,away,32,32,False,True,tipper_specific,23,0.826,0.826,home,True,0.49,0.582,,,,False,False,MOSTLY_SUNNY,False,35703
1626,2024,2024-03-15,Round 1,early,Collingwood,Sydney,MCG,shared_interstate,7.53,7.53,6-12,home,-33,33,False,True,consensus,23,0.0,1.0,home,False,0.392,0.397,6,8,-2,False,False,MOSTLY_SUNNY,False,35705
1633,2024,2024-03-17,Round 1,early,Fremantle,Brisbane Lions,Perth Stadium,true_home_interstate,-7.55,7.55,6-12,away,23,23,False,True,consensus,23,0.348,0.348,away,False,0.392,0.465,,9,,False,False,SUNNY,False,35712
1634,2024,2024-03-21,Round 2,early,St Kilda,Collingwood,MCG,shared_derby,-4.43,4.43,<6,away,15,15,False,True,consensus,23,0.087,0.087,away,False,0.434,0.421,5,6,-1,False,False,MOSTLY_SUNNY,False,35713
1635,2024,2024-03-22,Round 2,early,Adelaide,Geelong,Adelaide Oval,true_home_interstate,10.83,10.83,6-12,home,-19,19,False,True,consensus,23,0.087,0.913,home,False,0.351,0.364,6,6,0,False,False,SUNNY,False,35714
1642,2024,2024-03-28,Round 3,early,Brisbane Lions,Collingwood,Gabba,true_home_interstate,8.82,8.82,6-12,home,-20,20,False,True,consensus,23,0.043,0.957,home,False,0.376,0.351,11,7,4,False,False,RAIN,True,35721
1646,2024,2024-03-30,Round 3,early,Port Adelaide,Melbourne,Adelaide Oval,true_home_interstate,5.24,5.24,<6,home,-7,7,False,True,consensus,23,0.174,0.826,home,False,0.423,0.45,6,7,-1,False,False,SUNNY,False,35725
1648,2024,2024-03-31,Round 3,early,Richmond,Sydney,MCG,shared_interstate,-17.99,17.99,12-24,away,5,5,False,True,consensus,23,0.0,0.0,away,False,0.272,0.342,7,8,-1,False,False,OVERCAST,False,35727
1654,2024,2024-04-06,Round 4,early,Fremantle,Carlton,Adelaide Oval,neutral,3.0,3.0,<6,home,-10,10,False,True,tipper_specific,23,0.87,0.13,away,True,0.455,0.538,8,8,0,False,False,MOSTLY_SUNNY,False,35733
1655,2024,2024-04-06,Round 4,early,Western Bulldogs,Geelong,Adelaide Oval,neutral,6.76,6.76,6-12,home,-4,4,False,True,tipper_specific,23,0.652,0.304,away,True,0.402,0.506,6,5,1,False,False,MOSTLY_SUNNY,False,35734
1659,2024,2024-04-11,Round 5,early,Melbourne,Brisbane Lions,MCG,shared_interstate,9.27,9.27,6-12,home,-22,22,False,True,consensus,23,0.0,1.0,home,False,0.37,0.348,7,6,1,False,False,RAIN,True,35738
1660,2024,2024-04-12,Round 5,early,Western Bulldogs,Essendon,Marvel Stadium,shared_derby,15.01,15.01,12-24,home,-29,29,False,True,consensus,23,0.0,1.0,home,False,0.303,0.3,6,7,-1,False,False,RAIN,True,35739
1662,2024,2024-04-13,Round 5,early,Carlton,Adelaide,Marvel Stadium,shared_interstate,17.83,17.83,12-24,home,-2,2,False,True,consensus,23,0.0,1.0,home,False,0.273,0.309,7,9,-2,False,False,MOSTLY_SUNNY,False,35741
1666,2024,2024-04-14,Round 5,early,West Coast,Richmond,Perth Stadium,true_home_interstate,-8.69,8.69,6-12,away,39,39,False,True,consensus,23,0.0,0.0,away,False,0.377,0.327,8,7,1,False,False,MOSTLY_SUNNY,False,35745
1667,2024,2024-04-18,Round 6,early,St Kilda,Western Bulldogs,Marvel Stadium,shared_derby,11.92,11.92,6-12,home,-60,60,False,True,grey,23,0.565,0.391,away,True,0.338,0.506,5,6,-1,False,False,RAIN,True,35746
1668,2024,2024-04-19,Round 6,early,Adelaide,Essendon,Adelaide Oval,true_home_interstate,3.01,3.01,<6,home,-3,3,False,True,consensus,23,0.0,1.0,home,False,0.455,0.307,6,7,-1,False,False,RAIN,True,35747
1670,2024,2024-04-20,Round 6,early,Carlton,GWS Giants,Marvel Stadium,shared_interstate,-5.2,5.2,<6,away,19,19,False,True,tipper_specific,23,0.783,0.783,home,True,0.423,0.54,7,7,0,False,False,MOSTLY_SUNNY,False,35749
1671,2024,2024-04-20,Round 6,early,Brisbane Lions,Geelong,Gabba,true_home_interstate,7.93,7.93,6-12,home,-26,26,False,True,consensus,23,0.0,1.0,home,False,0.387,0.393,9,6,3,False,False,RAIN,True,35750
1672,2024,2024-04-20,Round 6,early,West Coast,Fremantle,Perth Stadium,true_home_same_state,-18.88,18.88,12-24,away,37,37,False,True,consensus,23,0.0,0.0,away,False,0.263,0.192,6,7,-1,False,False,SUNNY,False,35751
1684,2024,2024-05-02,Round 8,early,Adelaide,Port Adelaide,Adelaide Oval,true_home_same_state,-2.96,2.96,<6,away,30,30,False,True,consensus,23,0.087,0.0,away,False,0.455,0.429,5,6,-1,False,False,SUNNY,False,35763
1685,2024,2024-05-03,Round 8,early,Carlton,Collingwood,MCG,shared_derby,0.66,0.66,<6,home,-6,6,False,True,consensus,23,0.13,0.87,home,False,0.49,0.436,6,8,-2,False,False,MOSTLY_SUNNY,False,35764
1691,2024,2024-05-05,Round 8,early,Western Bulldogs,Hawthorn,Marvel Stadium,shared_derby,18.18,18.18,12-24,home,-7,7,False,True,consensus,23,0.0,1.0,home,False,0.27,0.277,8,7,1,False,False,MOSTLY_SUNNY,False,35770
1693,2024,2024-05-09,Round 9,mid,Carlton,Melbourne,MCG,shared_derby,-1.54,1.54,<6,away,1,1,False,True,consensus,23,0.174,0.174,away,False,0.476,0.453,6,5,1,False,False,OVERCAST,False,35772
1694,2024,2024-05-10,Round 9,mid,Geelong,Port Adelaide,Kardinia Park,true_home_interstate,12.11,12.11,12-24,home,-6,6,False,True,consensus,23,0.0,1.0,home,False,0.336,0.327,6,8,-2,False,False,RAIN,True,35773
1696,2024,2024-05-11,Round 9,mid,Hawthorn,St Kilda,UTAS Stadium,true_home_same_state,-0.91,0.91,<6,away,5,5,False,True,consensus,23,0.174,0.13,away,False,0.486,0.436,6,7,-1,False,False,MOSTLY_SUNNY,False,35775
1697,2024,2024-05-11,Round 9,mid,Essendon,GWS Giants,Marvel Stadium,shared_interstate,-7.17,7.17,6-12,away,20,20,False,True,consensus,23,0.087,0.087,away,False,0.397,0.379,7,7,0,False,False,MOSTLY_SUNNY,False,35776
1702,2024,2024-05-16,Round 10,mid,Gold Coast,Geelong,TIO Stadium,true_home_interstate,-6.18,6.18,6-12,away,64,64,False,True,consensus,23,0.043,0.043,away,False,0.41,0.407,5,6,-1,False,False,MOSTLY_SUNNY,False,35781
1705,2024,2024-05-18,Round 10,mid,GWS Giants,Western Bulldogs,Sydney Showground,true_home_interstate,14.98,14.98,12-24,home,-27,27,False,True,consensus,23,0.087,0.913,home,False,0.303,0.397,7,7,0,False,False,RAIN,True,35784
1710,2024,2024-05-19,Round 10,mid,West Coast,Melbourne,Perth Stadium,true_home_interstate,-28.15,28.15,24+,away,35,35,False,True,consensus,23,0.0,0.0,away,False,0.182,0.181,7,10,-3,False,False,MOSTLY_SUNNY,False,35789
1715,2024,2024-05-25,Round 11,mid,Geelong,GWS Giants,Kardinia Park,true_home_interstate,6.98,6.98,6-12,home,-4,4,False,True,consensus,23,0.043,0.957,home,False,0.399,0.38,9,7,2,False,False,OVERCAST,False,35794
1717,2024,2024-05-26,Round 11,mid,Hawthorn,Brisbane Lions,Marvel Stadium,shared_interstate,-10.14,10.14,6-12,away,25,25,False,True,consensus,23,0.043,0.043,away,False,0.359,0.368,7,8,-1,False,False,MOSTLY_SUNNY,False,35796
1720,2024,2024-05-30,Round 12,mid,Port Adelaide,Carlton,Adelaide Oval,true_home_interstate,7.11,7.11,6-12,home,-36,36,False,True,consensus,23,0.0,1.0,home,False,0.398,0.402,5,5,0,False,False,RAIN,True,35799
1721,2024,2024-05-31,Round 12,mid,Collingwood,Western Bulldogs,Marvel Stadium,shared_derby,10.73,10.73,6-12,home,-18,18,False,True,grey,23,0.609,0.391,away,True,0.352,0.51,7,8,-1,False,False,MOSTLY_SUNNY,False,35800
1725,2024,2024-06-02,Round 12,mid,Melbourne,Fremantle,Traeger Park,true_home_interstate,9.64,9.64,6-12,home,-92,92,False,True,consensus,23,0.0,1.0,home,False,0.365,0.389,7,9,-2,False,False,SUNNY,False,35804
1727,2024,2024-06-06,Round 13,mid,Adelaide,Richmond,Adelaide Oval,true_home_interstate,17.84,17.84,12-24,home,-8,8,False,True,consensus,23,0.0,1.0,home,False,0.273,0.204,5,5,0,False,False,MOSTLY_SUNNY,False,35806
1728,2024,2024-06-07,Round 13,mid,Western Bulldogs,Brisbane Lions,Marvel Stadium,shared_interstate,0.87,0.87,<6,home,-43,43,False,True,consensus,23,0.043,0.957,home,False,0.487,0.397,7,12,-5,False,True,MOSTLY_SUNNY,False,35807
1730,2024,2024-06-08,Round 13,mid,West Coast,North Melbourne,Perth Stadium,true_home_interstate,10.7,10.7,6-12,home,-9,9,False,True,consensus,23,0.0,1.0,home,False,0.352,0.247,7,14,-7,False,True,RAIN,True,35809
1749,2024,2024-06-29,Round 16,mid,Sydney,Fremantle,SCG,true_home_interstate,25.03,25.03,24+,home,-1,1,False,True,consensus,23,0.0,1.0,home,False,0.207,0.236,7,6,1,False,False,MOSTLY_SUNNY,False,35832
1750,2024,2024-06-29,Round 16,mid,Gold Coast,Collingwood,Carrara,true_home_interstate,-4.08,4.08,<6,away,11,11,False,True,grey,23,0.391,0.391,away,False,0.439,0.485,6,13,-7,False,True,RAIN,True,35828
1751,2024,2024-06-29,Round 16,mid,Adelaide,GWS Giants,Adelaide Oval,true_home_interstate,-8.66,8.66,6-12,away,16,16,False,True,consensus,23,0.261,0.261,away,False,0.378,0.478,14,7,7,True,False,RAIN,True,35833
1753,2024,2024-06-30,Round 16,mid,St Kilda,Port Adelaide,Marvel Stadium,shared_interstate,4.83,4.83,<6,home,-2,2,False,True,consensus,23,0.13,0.826,home,False,0.429,0.442,16,8,8,True,False,RAIN,True,35831
1756,2024,2024-07-05,Round 17,late,Collingwood,Essendon,MCG,shared_derby,12.95,12.95,12-24,home,-12,12,False,True,consensus,23,0.0,1.0,home,False,0.326,0.356,6,6,0,False,False,OVERCAST,False,35836
1757,2024,2024-07-06,Round 17,late,Port Adelaide,Western Bulldogs,Adelaide Oval,true_home_interstate,-1.17,1.17,<6,away,48,48,False,True,consensus,23,0.217,0.217,away,False,0.482,0.463,6,7,-1,False,False,SUNNY,False,35842
1758,2024,2024-07-06,Round 17,late,North Melbourne,Gold Coast,Marvel Stadium,shared_interstate,-18.97,18.97,12-24,away,4,4,False,True,consensus,23,0.0,0.0,away,False,0.262,0.26,7,7,0,False,False,MOSTLY_SUNNY,False,35840
1760,2024,2024-07-06,Round 17,late,GWS Giants,Carlton,Sydney Showground,true_home_interstate,-6.57,6.57,6-12,away,12,12,False,True,consensus,23,0.13,0.087,away,False,0.405,0.437,7,6,1,False,False,RAIN,True,35838
1763,2024,2024-07-07,Round 17,late,St Kilda,Sydney,Marvel Stadium,shared_interstate,-24.86,24.86,24+,away,2,2,False,True,consensus,23,0.0,0.0,away,False,0.209,0.277,7,8,-1,False,False,MOSTLY_SUNNY,False,35841
1765,2024,2024-07-12,Round 18,late,Collingwood,Geelong,MCG,shared_derby,4.3,4.3,<6,home,-20,20,False,True,grey,23,0.609,0.391,away,True,0.436,0.509,7,6,1,False,False,RAIN,True,35844
1766,2024,2024-07-13,Round 18,late,Hawthorn,Fremantle,UTAS Stadium,true_home_interstate,-0.89,0.89,<6,away,13,13,False,True,grey,23,0.435,0.435,away,False,0.486,0.495,7,7,0,False,False,MOSTLY_SUNNY,False,35846
1768,2024,2024-07-13,Round 18,late,Western Bulldogs,Carlton,Marvel Stadium,shared_derby,-6.53,6.53,6-12,away,14,14,False,True,consensus,23,0.174,0.174,away,False,0.405,0.442,7,7,0,False,False,RAIN,True,35850
1771,2024,2024-07-14,Round 18,late,Gold Coast,Port Adelaide,Carrara,true_home_interstate,-3.94,3.94,<6,away,14,14,False,True,grey,23,0.565,0.565,home,True,0.441,0.508,8,8,0,False,False,MOSTLY_SUNNY,False,35845
1774,2024,2024-07-19,Round 19,late,Essendon,Adelaide,Marvel Stadium,shared_interstate,12.6,12.6,12-24,home,-2,2,False,True,consensus,23,0.217,0.783,home,False,0.33,0.423,6,6,0,False,False,RAIN,True,35855
1778,2024,2024-07-20,Round 19,late,Geelong,Western Bulldogs,Kardinia Park,true_home_same_state,4.91,4.91,<6,home,-47,47,False,True,consensus,23,0.087,0.913,home,False,0.427,0.43,8,7,1,False,False,RAIN,True,35856
1780,2024,2024-07-21,Round 19,late,Brisbane Lions,Sydney,Gabba,true_home_interstate,-0.76,0.76,<6,away,2,2,False,True,tipper_specific,23,0.652,0.609,home,True,0.488,0.511,7,8,-1,False,False,SUNNY,False,35853
1783,2024,2024-07-26,Round 20,late,Carlton,Port Adelaide,Marvel Stadium,shared_interstate,9.5,9.5,6-12,home,-14,14,False,True,consensus,23,0.043,0.957,home,False,0.367,0.366,5,6,-1,False,False,MOSTLY_SUNNY,False,35862
1790,2024,2024-07-28,Round 20,late,Sydney,Western Bulldogs,SCG,true_home_interstate,13.97,13.97,12-24,home,-39,39,False,True,consensus,23,0.0,1.0,home,False,0.314,0.341,7,8,-1,False,False,MOSTLY_SUNNY,False,35868
1793,2024,2024-08-02,Round 21,late,West Coast,Gold Coast,Perth Stadium,true_home_interstate,-13.9,13.9,12-24,away,10,10,False,True,consensus,23,0.0,0.0,away,False,0.315,0.303,6,6,0,False,False,OVERCAST,False,35879
1797,2024,2024-08-03,Round 21,late,Port Adelaide,Sydney,Adelaide Oval,true_home_interstate,-3.82,3.82,<6,away,112,112,False,True,grey,23,0.391,0.391,away,False,0.443,0.469,8,6,2,False,False,MOSTLY_SUNNY,False,35878
1799,2024,2024-08-04,Round 21,late,Essendon,Fremantle,MCG,shared_interstate,-7.05,7.05,6-12,away,1,1,False,True,consensus,23,0.043,0.043,away,False,0.399,0.416,8,8,0,False,False,MOSTLY_SUNNY,False,35872
1802,2024,2024-08-10,Round 22,late,North Melbourne,West Coast,Ninja Stadium,true_home_interstate,2.99,2.99,<6,home,-5,5,False,True,consensus,23,0.348,0.609,home,False,0.455,0.475,7,8,-1,False,False,MOSTLY_SUNNY,False,35884
1803,2024,2024-08-10,Round 22,late,Brisbane Lions,GWS Giants,Gabba,true_home_interstate,17.65,17.65,12-24,home,-18,18,False,True,consensus,23,0.0,1.0,home,False,0.275,0.25,6,6,0,False,False,MOSTLY_SUNNY,False,35880
1804,2024,2024-08-10,Round 22,late,Fremantle,Geelong,Perth Stadium,true_home_interstate,3.53,3.53,<6,home,-11,11,False,True,consensus,23,0.0,1.0,home,False,0.447,0.392,6,7,-1,False,False,SUNNY,False,35888
1805,2024,2024-08-10,Round 22,late,Essendon,Gold Coast,Marvel Stadium,shared_interstate,11.15,11.15,6-12,home,-1,1,False,True,consensus,23,0.043,0.913,home,False,0.347,0.423,6,8,-2,False,False,MOSTLY_SUNNY,False,35882
1807,2024,2024-08-11,Round 22,late,Carlton,Hawthorn,MCG,shared_derby,2.01,2.01,<6,home,-74,74,False,True,consensus,23,0.348,0.609,home,False,0.469,0.494,8,7,1,False,False,SUNNY,False,35881
1809,2024,2024-08-11,Round 22,late,Adelaide,Western Bulldogs,Adelaide Oval,true_home_interstate,-12.4,12.4,12-24,away,39,39,False,True,consensus,23,0.0,0.0,away,False,0.332,0.344,8,9,-1,False,False,SUNNY,False,35887
1812,2024,2024-08-17,Round 23,late,Gold Coast,Melbourne,Carrara,true_home_interstate,2.14,2.14,<6,home,-54,54,False,True,consensus,23,0.0,1.0,home,False,0.467,0.369,7,7,0,False,False,SUNNY,False,35891
1813,2024,2024-08-17,Round 23,late,Collingwood,Brisbane Lions,MCG,shared_interstate,-8.03,8.03,6-12,away,1,1,False,True,consensus,23,0.0,0.0,away,False,0.386,0.379,8,7,1,False,False,RAIN,True,35889
1815,2024,2024-08-17,Round 23,late,St Kilda,Geelong,Marvel Stadium,shared_derby,-0.92,0.92,<6,away,18,18,False,True,consensus,23,0.087,0.087,away,False,0.486,0.426,6,7,-1,False,False,RAIN,True,35894
1827,2024,2024-08-25,Round 24,late,Fremantle,Port Adelaide,Perth Stadium,true_home_interstate,0.59,0.59,<6,home,-20,20,False,True,grey,23,0.478,0.522,home,False,0.491,0.499,8,8,0,False,False,OVERCAST,False,35906
1828,2024,2024-09-05,Finals Week 1,finals,Port Adelaide,Geelong,Adelaide Oval,true_home_interstate,9.23,9.23,6-12,home,-84,84,False,True,consensus,23,0.043,0.957,home,False,0.37,0.342,11,12,-1,False,True,RAIN,True,35910
1829,2024,2024-09-06,Finals Week 1,finals,Western Bulldogs,Hawthorn,MCG,shared_derby,8.58,8.58,6-12,home,-37,37,False,True,consensus,23,0.174,0.826,home,False,0.379,0.43,12,13,-1,True,True,RAIN,True,35908
1832,2024,2024-09-13,Semi Finals,finals,Port Adelaide,Hawthorn,Adelaide Oval,true_home_interstate,-6.7,6.7,6-12,away,3,3,False,True,consensus,23,0.087,0.087,away,False,0.403,0.411,8,7,1,False,False,MOSTLY_SUNNY,False,35912
1836,2024,2024-09-28,Grand Final,finals,Sydney,Brisbane Lions,MCG,neutral,7.83,7.83,6-12,home,-60,60,False,True,tipper_specific,23,0.783,0.217,away,True,0.388,0.542,8,7,1,False,False,SUNNY,False,35915
1839,2025,2025-03-13,Round 1,early,Richmond,Carlton,MCG,shared_derby,-21.11,21.11,12-24,away,13,13,False,True,consensus,23,0.0,0.0,away,False,0.242,0.208,,,,False,False,OVERCAST,False,37094
1852,2025,2025-03-22,Round 2,early,St Kilda,Geelong,Marvel Stadium,shared_derby,-5.12,5.12,<6,away,7,7,False,True,consensus,23,0.0,0.0,away,False,0.425,0.329,6,7,-1,False,False,MOSTLY_SUNNY,False,37107
1854,2025,2025-03-23,Round 2,early,North Melbourne,Melbourne,Marvel Stadium,shared_derby,-7.46,7.46,6-12,away,59,59,False,True,consensus,23,0.043,0.043,away,False,0.393,0.326,8,7,1,False,False,MOSTLY_SUNNY,False,37109
1856,2025,2025-03-27,Round 3,early,Essendon,Port Adelaide,Marvel Stadium,shared_interstate,-10.22,10.22,6-12,away,12,12,False,True,consensus,23,0.261,0.261,away,False,0.358,0.45,5,5,0,False,False,MOSTLY_SUNNY,False,37111
1870,2025,2025-04-06,Round 4,early,Port Adelaide,St Kilda,Adelaide Oval,true_home_interstate,9.62,9.62,6-12,home,-17,17,False,True,consensus,23,0.0,1.0,home,False,0.366,0.392,10,8,2,False,False,RAIN,True,37124
1872,2025,2025-04-10,Round 5,early,Adelaide,Geelong,Adelaide Oval,true_home_interstate,6.66,6.66,6-12,home,-19,19,False,True,consensus,23,0.348,0.652,home,False,0.404,0.461,5,6,-1,False,False,MOSTLY_SUNNY,False,37126
1877,2025,2025-04-12,Round 5,early,Melbourne,Essendon,Adelaide Oval,neutral,10.2,10.2,6-12,home,-39,39,False,True,tipper_specific,23,0.652,0.348,away,True,0.358,0.521,8,16,-8,False,True,MOSTLY_SUNNY,False,37131
1880,2025,2025-04-13,Round 5,early,Port Adelaide,Hawthorn,Adelaide Oval,true_home_interstate,-17.38,17.38,12-24,away,30,30,False,True,consensus,23,0.0,0.0,away,False,0.278,0.362,7,15,-8,False,True,SUNNY,False,37134
1881,2025,2025-04-17,Round 6,early,Brisbane Lions,Collingwood,Gabba,true_home_interstate,16.82,16.82,12-24,home,-52,52,False,True,consensus,23,0.043,0.957,home,False,0.284,0.372,5,6,-1,False,False,MOSTLY_SUNNY,False,37135
1884,2025,2025-04-19,Round 6,early,Melbourne,Fremantle,MCG,shared_interstate,-15.08,15.08,12-24,away,10,10,False,True,consensus,23,0.043,0.043,away,False,0.302,0.357,7,6,1,False,False,MOSTLY_SUNNY,False,37138
1885,2025,2025-04-19,Round 6,early,Adelaide,GWS Giants,Adelaide Oval,true_home_interstate,-3.64,3.64,<6,away,18,18,False,True,tipper_specific,23,0.783,0.739,home,True,0.445,0.559,9,6,3,False,False,RAIN,True,37139
1886,2025,2025-04-19,Round 6,early,Richmond,Gold Coast,Marvel Stadium,shared_interstate,-27.17,27.17,24+,away,11,11,False,True,consensus,23,0.0,0.0,away,False,0.19,0.179,6,7,-1,False,False,MOSTLY_SUNNY,False,37140
1887,2025,2025-04-20,Round 6,early,Sydney,Port Adelaide,SCG,true_home_interstate,9.4,9.4,6-12,home,-8,8,False,True,consensus,23,0.043,0.957,home,False,0.368,0.387,9,7,2,False,False,SUNNY,False,37141
1889,2025,2025-04-21,Round 6,early,Geelong,Hawthorn,MCG,shared_derby,-2.97,2.97,<6,away,7,7,False,True,grey,23,0.609,0.609,home,True,0.455,0.521,11,8,3,False,False,RAIN,True,37143
1895,2025,2025-04-26,Round 7,early,GWS Giants,Western Bulldogs,Manuka Oval,true_home_interstate,13.7,13.7,12-24,home,-32,32,False,True,consensus,23,0.217,0.783,home,False,0.317,0.449,7,6,1,False,False,RAIN,True,37149
1897,2025,2025-04-27,Round 7,early,Carlton,Geelong,MCG,shared_derby,-5.6,5.6,<6,away,18,18,False,True,consensus,23,0.217,0.217,away,False,0.418,0.44,9,6,3,False,False,RAIN,True,37151
1900,2025,2025-05-02,Round 8,early,St Kilda,Fremantle,Marvel Stadium,shared_interstate,-3.44,3.44,<6,away,61,61,False,True,consensus,23,0.174,0.174,away,False,0.448,0.437,6,7,-1,False,False,SUNNY,False,37154
1903,2025,2025-05-03,Round 8,early,Collingwood,Geelong,MCG,shared_derby,18.26,18.26,12-24,home,-3,3,False,True,consensus,23,0.043,0.957,home,False,0.269,0.391,8,6,2,False,False,MOSTLY_SUNNY,False,37157
1909,2025,2025-05-09,Round 9,mid,St Kilda,Carlton,MCG,shared_derby,7.88,7.88,6-12,home,-15,15,False,True,tipper_specific,23,0.739,0.261,away,True,0.388,0.549,7,6,1,False,False,MOSTLY_SUNNY,False,37163
1911,2025,2025-05-10,Round 9,mid,Essendon,Sydney,Marvel Stadium,shared_interstate,-6.44,6.44,6-12,away,8,8,False,True,consensus,23,0.13,0.13,away,False,0.407,0.427,9,6,3,False,False,SUNNY,False,37165
1915,2025,2025-05-11,Round 9,mid,Geelong,GWS Giants,Kardinia Park,true_home_interstate,8.9,8.9,6-12,home,-4,4,False,True,consensus,23,0.0,1.0,home,False,0.375,0.313,8,7,1,False,False,MOSTLY_SUNNY,False,37169
1917,2025,2025-05-15,Round 10,mid,Gold Coast,Hawthorn,TIO Stadium,true_home_interstate,-0.34,0.34,<6,away,8,8,False,True,grey,23,0.609,0.565,home,True,0.495,0.506,5,5,0,False,False,SUNNY,False,37171
1920,2025,2025-05-17,Round 10,mid,GWS Giants,Fremantle,Sydney Showground,true_home_interstate,12.51,12.51,12-24,home,-34,34,False,True,consensus,23,0.0,1.0,home,False,0.331,0.296,6,9,-3,False,False,RAIN,True,37175
1923,2025,2025-05-18,Round 10,mid,Richmond,North Melbourne,MCG,shared_derby,0.29,0.29,<6,home,-4,4,False,True,tipper_specific,23,0.826,0.174,away,True,0.495,0.559,7,7,0,False,False,RAIN,True,37177
1924,2025,2025-05-18,Round 10,mid,Brisbane Lions,Melbourne,Gabba,true_home_interstate,29.5,29.5,24+,home,-11,11,False,True,consensus,23,0.0,1.0,home,False,0.172,0.181,7,8,-1,False,False,RAIN,True,37178
1925,2025,2025-05-18,Round 10,mid,West Coast,St Kilda,Perth Stadium,true_home_interstate,-15.96,15.96,12-24,away,28,28,False,True,consensus,23,0.0,0.0,away,False,0.293,0.283,7,9,-2,False,False,SUNNY,False,37179
1928,2025,2025-05-24,Round 11,mid,Carlton,GWS Giants,Marvel Stadium,shared_interstate,3.11,3.11,<6,home,-28,28,False,True,consensus,23,0.087,0.87,home,False,0.453,0.41,8,7,1,False,False,RAIN,True,37182
1929,2025,2025-05-24,Round 11,mid,Hawthorn,Brisbane Lions,MCG,shared_interstate,9.61,9.61,6-12,home,-33,33,False,True,consensus,23,0.0,1.0,home,False,0.366,0.342,9,6,3,False,False,RAIN,True,37183
1933,2025,2025-05-25,Round 11,mid,Melbourne,Sydney,MCG,shared_interstate,-3.95,3.95,<6,away,53,53,False,True,consensus,23,0.043,0.043,away,False,0.441,0.447,7,9,-2,False,False,SUNNY,False,37187
1937,2025,2025-05-31,Round 12,mid,Gold Coast,Fremantle,Carrara,true_home_interstate,10.09,10.09,6-12,home,-11,11,False,True,consensus,23,0.0,1.0,home,False,0.36,0.321,6,7,-1,False,False,RAIN,True,37191
1940,2025,2025-06-01,Round 12,mid,Melbourne,St Kilda,Traeger Park,true_home_same_state,11.44,11.44,6-12,home,-28,28,False,True,consensus,23,0.043,0.957,home,False,0.343,0.415,7,7,0,False,False,SUNNY,False,37194
1942,2025,2025-06-05,Round 13,mid,Western Bulldogs,Hawthorn,Marvel Stadium,shared_derby,9.12,9.12,6-12,home,-22,22,False,True,consensus,23,0.0,1.0,home,False,0.372,0.309,14,6,8,True,False,MOSTLY_SUNNY,False,37196
1946,2025,2025-06-07,Round 13,mid,GWS Giants,Port Adelaide,Manuka Oval,true_home_interstate,13.58,13.58,12-24,home,-16,16,False,True,consensus,23,0.0,1.0,home,False,0.319,0.319,7,14,-7,False,True,RAIN,True,37200
1952,2025,2025-06-14,Round 14,mid,Brisbane Lions,GWS Giants,Gabba,true_home_interstate,25.02,25.02,24+,home,-11,11,False,True,consensus,23,0.0,1.0,home,False,0.207,0.26,8,7,1,False,False,MOSTLY_SUNNY,False,37206
1958,2025,2025-06-20,Round 15,mid,Geelong,Brisbane Lions,Kardinia Park,true_home_interstate,8.79,8.79,6-12,home,-41,41,False,True,consensus,23,0.0,1.0,home,False,0.376,0.285,6,6,0,False,False,SUNNY,False,37212
1959,2025,2025-06-21,Round 15,mid,Carlton,North Melbourne,MCG,shared_derby,16.9,16.9,12-24,home,-11,11,False,True,consensus,23,0.0,1.0,home,False,0.283,0.228,6,7,-1,False,False,MOSTLY_SUNNY,False,37213
1960,2025,2025-06-21,Round 15,mid,Port Adelaide,Sydney,Adelaide Oval,true_home_interstate,3.48,3.48,<6,home,-19,19,False,True,grey,23,0.391,0.609,home,False,0.448,0.485,6,14,-8,False,True,SUNNY,False,37214
1962,2025,2025-06-22,Round 15,mid,GWS Giants,Gold Coast,Sydney Showground,true_home_interstate,-0.18,0.18,<6,away,7,7,False,True,grey,23,0.522,0.522,home,True,0.497,0.502,8,15,-7,False,True,SUNNY,False,37216
1978,2025,2025-07-06,Round 17,late,Sydney,Fremantle,SCG,true_home_interstate,-0.67,0.67,<6,away,11,11,False,True,tipper_specific,23,0.87,0.87,home,True,0.49,0.564,9,7,2,False,False,RAIN,True,37230
1981,2025,2025-07-11,Round 18,late,Gold Coast,Collingwood,Carrara,true_home_interstate,-2.79,2.79,<6,away,6,6,False,True,grey,23,0.435,0.435,away,False,0.458,0.479,6,7,-1,False,False,SUNNY,False,37240
1982,2025,2025-07-12,Round 18,late,Western Bulldogs,Adelaide,Marvel Stadium,shared_interstate,5.51,5.51,<6,home,-11,11,False,True,consensus,23,0.0,1.0,home,False,0.419,0.349,9,6,3,False,False,MOSTLY_SUNNY,False,37235
1984,2025,2025-07-12,Round 18,late,Richmond,Essendon,MCG,shared_derby,-5.24,5.24,<6,away,9,9,False,True,consensus,23,0.043,0.043,away,False,0.423,0.374,7,7,0,False,False,MOSTLY_SUNNY,False,37239
1985,2025,2025-07-12,Round 18,late,Fremantle,Hawthorn,Perth Stadium,true_home_interstate,-4.03,4.03,<6,away,13,13,False,True,tipper_specific,23,0.696,0.696,home,True,0.44,0.523,6,7,-1,False,False,RAIN,True,37242
1993,2025,2025-07-19,Round 19,late,Carlton,Melbourne,MCG,shared_derby,-4.94,4.94,<6,away,8,8,False,True,consensus,23,0.174,0.174,away,False,0.427,0.418,9,6,3,False,False,MOSTLY_SUNNY,False,37245
1994,2025,2025-07-19,Round 19,late,West Coast,Richmond,Perth Stadium,true_home_interstate,2.95,2.95,<6,home,-49,49,False,True,consensus,23,0.087,0.913,home,False,0.455,0.43,6,7,-1,False,False,MOSTLY_SUNNY,False,37251
1996,2025,2025-07-20,Round 19,late,Collingwood,Fremantle,MCG,shared_interstate,8.58,8.58,6-12,home,-1,1,False,True,consensus,23,0.043,0.957,home,False,0.379,0.314,9,8,1,False,False,MOSTLY_SUNNY,False,37246
2001,2025,2025-07-26,Round 20,late,Gold Coast,Brisbane Lions,Carrara,true_home_same_state,-10.93,10.93,6-12,away,66,66,False,True,consensus,23,0.0,0.0,away,False,0.35,0.406,6,8,-2,False,False,RAIN,True,37258
2006,2025,2025-07-27,Round 20,late,St Kilda,Melbourne,Marvel Stadium,shared_derby,-0.17,0.17,<6,away,6,6,False,True,consensus,23,0.087,0.087,away,False,0.497,0.454,7,8,-1,False,False,RAIN,True,37254
2012,2025,2025-08-02,Round 21,late,Collingwood,Brisbane Lions,MCG,shared_interstate,8.9,8.9,6-12,home,-27,27,False,True,consensus,23,0.0,1.0,home,False,0.375,0.345,6,7,-1,False,False,OVERCAST,False,37265
2019,2025,2025-08-09,Round 22,late,Brisbane Lions,Sydney,Gabba,true_home_interstate,13.25,13.25,12-24,home,-2,2,False,True,consensus,23,0.0,1.0,home,False,0.322,0.277,7,7,0,False,False,RAIN,True,37276
2026,2025,2025-08-15,Round 23,late,Fremantle,Brisbane Lions,Perth Stadium,true_home_interstate,4.35,4.35,<6,home,-57,57,False,True,consensus,23,0.174,0.826,home,False,0.435,0.453,6,6,0,False,False,MOSTLY_SUNNY,False,37287
2027,2025,2025-08-16,Round 23,late,Gold Coast,GWS Giants,Carrara,true_home_interstate,11.26,11.26,6-12,home,-35,35,False,True,consensus,23,0.0,1.0,home,False,0.346,0.32,7,6,1,False,False,SUNNY,False,37284
2036,2025,2025-08-22,Round 24,late,Port Adelaide,Gold Coast,Adelaide Oval,true_home_interstate,-15.68,15.68,12-24,away,4,4,False,True,consensus,23,0.0,0.0,away,False,0.296,0.286,6,6,0,False,False,MOSTLY_SUNNY,False,37295
2041,2025,2025-08-24,Round 24,late,Western Bulldogs,Fremantle,Marvel Stadium,shared_interstate,9.29,9.29,6-12,home,-15,15,False,True,consensus,23,0.0,1.0,home,False,0.37,0.229,7,9,-2,False,False,MOSTLY_SUNNY,False,37290
2044,2025,2025-09-04,Finals Week 1,finals,Adelaide,Collingwood,Adelaide Oval,true_home_interstate,8.74,8.74,6-12,home,-24,24,False,True,consensus,23,0.043,0.957,home,False,0.377,0.38,12,13,-1,True,True,RAIN,True,37317
2046,2025,2025-09-06,Finals Week 1,finals,GWS Giants,Hawthorn,Sydney Showground,true_home_interstate,1.62,1.62,<6,home,-19,19,False,True,consensus,23,0.304,0.652,home,False,0.475,0.479,13,13,0,True,True,MOSTLY_SUNNY,False,37315
2047,2025,2025-09-06,Finals Week 1,finals,Fremantle,Gold Coast,Perth Stadium,true_home_interstate,7.03,7.03,6-12,home,-1,1,False,True,grey,23,0.391,0.609,home,False,0.399,0.486,13,10,3,True,False,RAIN,True,37316
2048,2025,2025-09-12,Semi Finals,finals,Adelaide,Hawthorn,Adelaide Oval,true_home_interstate,0.57,0.57,<6,home,-34,34,False,True,consensus,23,0.087,0.913,home,False,0.491,0.448,8,6,2,False,False,MOSTLY_SUNNY,False,37319
2051,2025,2025-09-20,Preliminary Finals,finals,Collingwood,Brisbane Lions,MCG,shared_interstate,6.12,6.12,6-12,home,-29,29,False,True,consensus,23,0.304,0.696,home,False,0.411,0.444,16,7,9,True,False,RAIN,True,37863
2052,2025,2025-09-27,Grand Final,finals,Geelong,Brisbane Lions,MCG,shared_interstate,5.93,5.93,<6,home,-47,47,False,True,consensus,23,0.043,0.957,home,False,0.413,0.36,8,7,1,False,False,MOSTLY_SUNNY,False,37323
10978,2026,2026-03-06,Opening Round,early,Gold Coast,Geelong,Carrara,true_home_interstate,-1.85,1.85,<6,away,56,56,False,True,consensus,28,0.321,0.321,away,False,0.472,0.474,,,,False,False,,,38495
10979,2026,2026-03-07,Opening Round,early,GWS Giants,Hawthorn,Sydney Showground,true_home_interstate,-7.61,7.61,6-12,away,27,27,False,True,consensus,28,0.214,0.214,away,False,0.391,0.453,,,,False,False,,,38496
10980,2026,2026-03-07,Opening Round,early,Brisbane Lions,Western Bulldogs,Gabba,true_home_interstate,13.33,13.33,12-24,home,-5,5,False,True,consensus,28,0.071,0.929,home,False,0.322,0.365,,,,False,False,,,38497
20317,2026,2026-03-14,Round 1,early,Collingwood,Adelaide,MCG,shared_interstate,11.6,11.6,6-12,home,-14,14,False,True,consensus,28,0.036,0.964,home,False,0.342,0.393,6,,,False,False,,,38504
20319,2026,2026-03-15,Round 1,early,Melbourne,St Kilda,MCG,shared_derby,-2.15,2.15,<6,away,13,13,False,True,tipper_specific,28,0.679,0.679,home,True,0.467,0.535,,7,,False,False,,,38506
42389,2026,2026-03-21,Round 2,early,GWS Giants,St Kilda,Sydney Showground,true_home_interstate,13.24,13.24,12-24,home,-4,4,False,True,consensus,28,0.071,0.929,home,False,0.323,0.341,7,6,1,False,False,,,38511
42392,2026,2026-03-22,Round 2,early,West Coast,North Melbourne,Perth Stadium,true_home_interstate,-19.76,19.76,12-24,away,17,17,False,True,consensus,28,0.071,0.071,away,False,0.254,0.409,7,7,0,False,False,,,38514
42398,2026,2026-03-29,Round 3,early,Port Adelaide,West Coast,Adelaide Oval,true_home_interstate,23.22,23.22,12-24,home,-2,2,False,True,consensus,28,0.036,0.964,home,False,0.223,0.26,7,7,0,False,False,,,38520
42399,2026,2026-03-29,Round 3,early,Carlton,Melbourne,MCG,shared_derby,3.07,3.07,<6,home,-23,23,False,True,grey,28,0.643,0.357,away,True,0.454,0.519,17,8,9,True,False,,,38521
43385,2026,2026-04-05,Round 4,early,Melbourne,Gold Coast,MCG,shared_interstate,-12.96,12.96,12-24,away,20,20,False,True,consensus,28,0.071,0.071,away,False,0.326,0.386,7,15,-8,False,True,,,38527
47883,2026,2026-04-10,Round 5,early,Collingwood,Fremantle,Adelaide Oval,neutral,4.19,4.19,<6,home,-6,6,False,True,tipper_specific,28,0.929,0.071,away,True,0.438,0.57,8,7,1,False,False,,,38531
48647,2026,2026-04-11,Round 5,early,Essendon,Melbourne,Adelaide Oval,neutral,-18.83,18.83,12-24,away,45,45,False,True,consensus,28,0.0,0.0,away,False,0.263,0.238,6,6,0,False,False,,,38533
57765,2026,2026-04-19,Round 6,early,Melbourne,Brisbane Lions,MCG,shared_interstate,-21.35,21.35,12-24,away,2,2,False,True,consensus,28,0.0,0.0,away,False,0.239,0.283,8,8,0,False,False,,,38546
63165,2026,2026-04-23,Round 7,early,Western Bulldogs,Sydney,Marvel Stadium,shared_interstate,0.77,0.77,<6,home,-66,66,False,True,grey,28,0.429,0.571,home,False,0.488,0.491,6,6,0,False,False,,,38548
65954,2026,2026-04-25,Round 7,early,Port Adelaide,Geelong,Adelaide Oval,true_home_interstate,-23.93,23.93,12-24,away,30,30,False,True,consensus,28,0.0,0.0,away,False,0.216,0.241,7,8,-1,False,False,,,38552
72826,2026,2026-05-02,Round 8,early,West Coast,Richmond,Perth Stadium,true_home_interstate,6.57,6.57,6-12,home,-11,11,False,True,consensus,28,0.0,1.0,home,False,0.405,0.358,6,8,-2,False,False,,,38561
72840,2026,2026-05-14,Round 10,mid,Brisbane Lions,Geelong,Gabba,true_home_interstate,2.53,2.53,<6,home,-41,41,False,True,consensus,28,0.0,1.0,home,False,0.461,0.394,6,5,1,False,False,,,38575
72844,2026,2026-05-16,Round 10,mid,Melbourne,Hawthorn,MCG,shared_derby,-10.8,10.8,6-12,away,39,39,False,True,consensus,28,0.0,0.0,away,False,0.351,0.32,6,9,-3,False,False,,,38579
72845,2026,2026-05-16,Round 10,mid,Carlton,Western Bulldogs,Marvel Stadium,shared_derby,-11.15,11.15,6-12,away,12,12,False,True,consensus,28,0.071,0.071,away,False,0.347,0.379,8,8,0,False,False,,,38580
72848,2026,2026-05-17,Round 10,mid,West Coast,GWS Giants,Perth Stadium,true_home_interstate,-26.06,26.06,24+,away,17,17,False,True,consensus,28,0.0,0.0,away,False,0.199,0.221,7,8,-1,False,False,,,38583
72852,2026,2026-05-23,Round 11,mid,North Melbourne,Gold Coast,Marvel Stadium,shared_interstate,-14.56,14.56,12-24,away,6,6,False,True,consensus,28,0.0,0.0,away,False,0.308,0.359,7,8,-1,False,False,,,38587
72855,2026,2026-05-23,Round 11,mid,Port Adelaide,Carlton,Adelaide Oval,true_home_interstate,14.85,14.85,12-24,home,-34,34,False,True,consensus,28,0.0,1.0,home,False,0.305,0.384,8,7,1,False,False,,,38590
72856,2026,2026-05-24,Round 11,mid,GWS Giants,Brisbane Lions,Sydney Showground,true_home_interstate,-7.45,7.45,6-12,away,78,78,False,True,consensus,28,0.036,0.036,away,False,0.393,0.394,7,10,-3,False,False,,,38591
72859,2026,2026-05-29,Round 12,mid,Carlton,Geelong,MCG,shared_derby,-28.3,28.3,24+,away,4,4,False,True,consensus,28,0.0,0.0,away,False,0.181,0.254,6,6,0,False,False,,,38594
72863,2026,2026-05-31,Round 12,mid,Melbourne,GWS Giants,Traeger Park,true_home_interstate,4.63,4.63,<6,home,-49,49,False,True,grey,28,0.357,0.643,home,False,0.431,0.478,7,7,0,False,False,,,38598
72865,2026,2026-06-04,Round 13,mid,Adelaide,Geelong,Adelaide Oval,true_home_interstate,-9.0,9.0,6-12,away,1,1,False,True,consensus,28,0.107,0.071,away,False,0.373,0.414,14,6,8,True,False,,,38600
72866,2026,2026-06-05,Round 13,mid,Hawthorn,Western Bulldogs,MCG,shared_derby,14.39,14.39,12-24,home,-6,6,False,True,consensus,28,0.0,1.0,home,False,0.31,0.34,8,6,2,False,False,,,38601
72868,2026,2026-06-06,Round 13,mid,Gold Coast,Brisbane Lions,Carrara,true_home_same_state,12.95,12.95,12-24,home,-31,31,False,True,consensus,28,0.179,0.821,home,False,0.326,0.433,14,7,7,True,False,,,38603
72872,2026,2026-06-08,Round 13,mid,Collingwood,Melbourne,MCG,shared_derby,12.66,12.66,12-24,home,-8,8,False,True,consensus,28,0.107,0.893,home,False,0.329,0.449,9,8,1,False,False,,,38607
72873,2026,2026-06-11,Round 14,mid,Western Bulldogs,Adelaide,Marvel Stadium,shared_interstate,4.92,4.92,<6,home,-57,57,False,True,consensus,28,0.071,0.929,home,False,0.427,0.439,6,7,-1,False,False,,,38608
